,index,trait,trait_level,frequency,avg_placement,top4_rate_pct,top1_rate_pct,id,name,num_units,style,tier_current,tier_total
0,3,TFT14_AnimaSquad,4,27,1.1,1.0,0.8888888888888888,TFT14_AnimaSquad,Anima Squad,10,5,4,4
1,49,TFT14_StreetDemon,4,20,1.3,1.0,0.8,TFT14_StreetDemon,Street Demon,10,5,4,4
2,23,TFT14_Cyberboss,3,177,3.5,0.7175141242937854,0.15819209039548024,TFT14_Cyberboss,Cyberboss,4,4,3,3
3,66,TFT14_Techie,4,88,3.7,0.6704545454545454,0.17045454545454544,TFT14_Techie,Techie,8,4,4,4
4,43,TFT14_Mob,3,21,3.7,0.6666666666666666,0.19047619047619047,TFT14_Mob,Syndicate,7,4,3,3
5,69,TFT14_Thirsty,3,994,3.8,0.6529175050301811,0.16800804828973842,TFT14_Thirsty,Dynamo,4,4,3,3
6,65,TFT14_Techie,3,281,3.8,0.6476868327402135,0.15302491103202848,TFT14_Techie,Techie,6,4,3,4
7,30,TFT14_Divinicorp,7,102,3.6,0.6470588235294118,0.20588235294117646,TFT14_Divinicorp,Divinicorp,7,4,7,7
8,59,TFT14_Supercharge,4,692,3.7,0.6459537572254336,0.21676300578034682,TFT14_Supercharge,A.M.P.,5,4,4,4
9,21,TFT14_Cyberboss,1,1141,3.8,0.642418930762489,0.18755477651183172,TFT14_Cyberboss,Cyberboss,2,1,1,3
10,73,TFT14_ViegoUniqueTrait,1,1663,3.8,0.6265784726398076,0.2152736019242333,TFT14_ViegoUniqueTrait,Soul Killer,1,3,1,1
11,45,TFT14_Overlord,1,2252,3.8,0.6247779751332149,0.1878330373001776,TFT14_Overlord,Overlord,1,3,1,1
12,6,TFT14_Armorclad,3,521,3.9,0.6218809980806143,0.15355086372360843,TFT14_Armorclad,Bastion,6,4,3,3
13,18,TFT14_Cutter,2,182,4.0,0.6153846153846154,0.14835164835164835,TFT14_Cutter,Executioner,3,2,2,4
14,44,TFT14_Netgod,1,1354,3.9,0.6019202363367799,0.2311669128508124,TFT14_Netgod,God of the Net,1,3,1,1
15,74,TFT14_Virus,1,1873,3.9,0.600106780565937,0.23705285638013882,TFT14_Virus,Virus,1,3,1,1
16,52,TFT14_Strong,3,291,4.1,0.5979381443298969,0.11683848797250859,TFT14_Strong,Slayer,6,4,3,3
17,42,TFT14_Mob,2,174,4.2,0.5977011494252874,0.11494252873563218,TFT14_Mob,Syndicate,5,2,2,3
18,72,TFT14_Vanguard,3,256,4.2,0.58984375,0.07421875,TFT14_Vanguard,Vanguard,6,4,3,3
19,27,TFT14_Divinicorp,4,238,4.2,0.5882352941176471,0.15126050420168066,TFT14_Divinicorp,Divinicorp,4,2,4,7
20,0,TFT14_AnimaSquad,1,1362,4.1,0.579295154185022,0.11600587371512482,TFT14_AnimaSquad,Anima Squad,3,1,1,4
21,36,TFT14_Immortal,1,1530,4.1,0.5777777777777777,0.12941176470588237,TFT14_Immortal,Golden Ox,2,1,1,3
22,34,TFT14_HotRod,1,49,4.3,0.5714285714285714,0.08163265306122448,TFT14_HotRod,Nitro,3,1,1,2
23,26,TFT14_Divinicorp,3,634,4.2,0.5630914826498423,0.1309148264984227,TFT14_Divinicorp,Divinicorp,3,2,3,7
24,55,TFT14_Suits,3,96,4.3,0.5625,0.28125,TFT14_Suits,Cypher,5,4,3,3
25,46,TFT14_StreetDemon,1,1285,4.2,0.5610894941634241,0.15797665369649805,TFT14_StreetDemon,Street Demon,3,1,1,4
26,10,TFT14_Bruiser,1,3415,4.2,0.5595900439238654,0.14172767203513909,TFT14_Bruiser,Bruiser,2,1,1,3
27,25,TFT14_Divinicorp,2,1303,4.2,0.5594781273983116,0.14121258633921718,TFT14_Divinicorp,Divinicorp,2,2,2,7
28,16,TFT14_Controller,4,244,4.2,0.5573770491803278,0.16393442622950818,TFT14_Controller,Strategist,5,4,4,4
29,48,TFT14_StreetDemon,3,704,4.2,0.5568181818181818,0.13352272727272727,TFT14_StreetDemon,Street Demon,7,4,3,4
30,56,TFT14_Supercharge,1,311,4.1,0.5562700964630225,0.18971061093247588,TFT14_Supercharge,A.M.P.,2,1,1,4
31,67,TFT14_Thirsty,1,1692,4.2,0.5537825059101655,0.1276595744680851,TFT14_Thirsty,Dynamo,2,1,1,3
32,51,TFT14_Strong,2,212,4.1,0.5518867924528302,0.1320754716981132,TFT14_Strong,Slayer,4,2,2,3
33,15,TFT14_Controller,3,593,4.2,0.551433389544688,0.19224283305227655,TFT14_Controller,Strategist,4,2,3,4
34,68,TFT14_Thirsty,2,809,4.2,0.5500618046971569,0.12484548825710753,TFT14_Thirsty,Dynamo,3,2,2,3
35,28,TFT14_Divinicorp,5,175,4.2,0.5485714285714286,0.12571428571428572,TFT14_Divinicorp,Divinicorp,5,4,5,7
36,71,TFT14_Vanguard,2,1303,4.3,0.5464313123561013,0.10744435917114352,TFT14_Vanguard,Vanguard,4,2,2,3
37,40,TFT14_Marksman,2,1005,4.3,0.5442786069651742,0.09054726368159204,TFT14_Marksman,Marksman,4,4,2,2
38,8,TFT14_BallisTek,2,238,4.4,0.542016806722689,0.14705882352941177,TFT14_BallisTek,BoomBot,4,2,2,3
39,63,TFT14_Techie,1,1796,4.3,0.5412026726057907,0.160913140311804,TFT14_Techie,Techie,2,1,1,4
40,14,TFT14_Controller,2,799,4.3,0.5406758448060075,0.1414267834793492,TFT14_Controller,Strategist,3,2,2,4
41,41,TFT14_Mob,1,1118,4.3,0.539355992844365,0.09838998211091235,TFT14_Mob,Syndicate,3,1,1,3
42,2,TFT14_AnimaSquad,3,744,4.3,0.5389784946236559,0.14919354838709678,TFT14_AnimaSquad,Anima Squad,7,4,3,4
43,29,TFT14_Divinicorp,6,162,4.2,0.5370370370370371,0.11728395061728394,TFT14_Divinicorp,Divinicorp,6,4,6,7
44,70,TFT14_Vanguard,1,2409,4.3,0.5350767953507679,0.1506849315068493,TFT14_Vanguard,Vanguard,2,1,1,3
45,1,TFT14_AnimaSquad,2,73,4.2,0.5342465753424658,0.2054794520547945,TFT14_AnimaSquad,Anima Squad,5,2,2,4
46,9,TFT14_BallisTek,3,181,4.1,0.5303867403314917,0.22099447513812154,TFT14_BallisTek,BoomBot,6,4,3,3
47,39,TFT14_Marksman,1,1513,4.3,0.5287508261731659,0.16721744877726372,TFT14_Marksman,Marksman,2,1,1,2
48,31,TFT14_EdgeRunner,1,1101,4.4,0.5213442325158947,0.148047229791099,TFT14_EdgeRunner,Exotech,3,1,1,4
49,12,TFT14_Bruiser,3,240,4.4,0.5208333333333334,0.13333333333333333,TFT14_Bruiser,Bruiser,6,4,3,3
50,37,TFT14_Immortal,2,102,4.5,0.5196078431372549,0.13725490196078433,TFT14_Immortal,Golden Ox,4,2,2,3
51,13,TFT14_Controller,1,328,4.5,0.5182926829268293,0.10670731707317073,TFT14_Controller,Strategist,2,1,1,4
52,4,TFT14_Armorclad,1,2406,4.4,0.5182876142975894,0.14089775561097256,TFT14_Armorclad,Bastion,2,1,1,3
53,24,TFT14_Divinicorp,1,3391,4.4,0.512238277794161,0.12562665880271306,TFT14_Divinicorp,Divinicorp,1,1,1,7
54,60,TFT14_Swift,1,1196,4.5,0.5108695652173914,0.11454849498327759,TFT14_Swift,Rapidfire,2,1,1,3
55,17,TFT14_Cutter,1,1002,4.4,0.5069860279441117,0.15269461077844312,TFT14_Cutter,Executioner,2,1,1,4
56,33,TFT14_EdgeRunner,3,181,4.6,0.5027624309392266,0.10497237569060773,TFT14_EdgeRunner,Exotech,7,4,3,4
57,62,TFT14_Swift,3,259,4.4,0.4864864864864865,0.1776061776061776,TFT14_Swift,Rapidfire,6,4,3,3
58,11,TFT14_Bruiser,2,563,4.6,0.48312611012433393,0.11900532859680284,TFT14_Bruiser,Bruiser,4,2,2,3
59,5,TFT14_Armorclad,2,514,4.6,0.4805447470817121,0.1556420233463035,TFT14_Armorclad,Bastion,4,2,2,3
60,35,TFT14_HotRod,2,373,4.6,0.4772117962466488,0.13404825737265416,TFT14_HotRod,Nitro,4,4,2,2
61,38,TFT14_Immortal,3,511,4.5,0.4735812133072407,0.2328767123287671,TFT14_Immortal,Golden Ox,6,4,3,3
62,61,TFT14_Swift,2,83,4.9,0.46987951807228917,0.10843373493975904,TFT14_Swift,Rapidfire,4,2,2,3
63,32,TFT14_EdgeRunner,2,585,4.6,0.4683760683760684,0.08547008547008547,TFT14_EdgeRunner,Exotech,5,2,2,4
64,7,TFT14_BallisTek,1,739,4.7,0.46820027063599456,0.10825439783491204,TFT14_BallisTek,BoomBot,2,1,1,3
65,53,TFT14_Suits,1,224,4.7,0.4642857142857143,0.19642857142857142,TFT14_Suits,Cypher,3,1,1,3
66,50,TFT14_Strong,1,645,4.7,0.4635658914728682,0.16124031007751938,TFT14_Strong,Slayer,2,1,1,3
67,47,TFT14_StreetDemon,2,131,4.8,0.4351145038167939,0.06870229007633588,TFT14_StreetDemon,Street Demon,5,2,2,4
68,20,TFT14_Cutter,4,67,4.9,0.417910447761194,0.05970149253731343,TFT14_Cutter,Executioner,5,4,4,4
69,54,TFT14_Suits,2,42,5.2,0.40476190476190477,0.09523809523809523,TFT14_Suits,Cypher,4,2,2,3
70,57,TFT14_Supercharge,2,40,5.2,0.4,0.125,TFT14_Supercharge,A.M.P.,3,2,2,4
71,64,TFT14_Techie,2,354,5.0,0.3954802259887006,0.059322033898305086,TFT14_Techie,Techie,4,2,2,4
72,19,TFT14_Cutter,3,27,5.2,0.37037037037037035,0.1111111111111111,TFT14_Cutter,Executioner,4,2,3,4
73,22,TFT14_Cyberboss,2,108,5.3,0.3148148148148148,0.05555555555555555,TFT14_Cyberboss,Cyberboss,3,2,2,3
74,58,TFT14_Supercharge,3,183,6.4,0.15300546448087432,0.0,TFT14_Supercharge,A.M.P.,4,2,3,4
